Ticker,Company Name,Revenue,Profit,Net Margin %,PBT,PAT,ROA,ROE,EPS
ABBEYBANK,Abbey Bank Plc,27190020000.0,4364559000.0,59.32669831167566,3721341999.9999895,4364559000.0,2.4677351384724,42.9761843572151,0.4298
ABCTRANS,ABC Transport PLC,16854111000.0,754278000.0,4.4753354240992,1334328000.0000002,754278000.0,4.87890449067001,41.1171792018303,0.3153
ACADEMY,Academy Press PLC,3619768000.0,-92275000.0,-2.54919652309209,-127362000.00000003,-92275000.0,-2.61086041538075,-5.77475784661455,-0.1534
ACCESSCORP,Access Holdings Plc,5329816000000.0,745873000000.0,22.416104114987146,1056549999999.9989,745873000000.0,1.6122998527153203,21.0663298492654,14.1694
AFRINSURE,African Alliance Insurance PLC,,,,,,,,
AFRIPRUD,Africa Prudential Plc,8407959999.999999,2960709000.0,35.2131670464655,4687057999.999996,2960709000.0,6.738463812673691,25.102788684371802,0.7402
AFROMEDIA,Afromedia PLC,,,,,,,,
AIICO,Aiico Insurance PLC,234826481000.0,19932249000.0,8.48807549945783,21815218000.000004,19932249000.0,3.5678123114885,21.5735524668882,0.5445
ARADEL,Aradel Holdings Plc,2822807852000.0,763472039000.0,27.0465465249103,1358170339999.999,763472039000.0,12.0362700807749,51.7775650346101,175.7191
AUSTINLAZ,Austin Laz & Co. Plc,10430000.0,-15447000.0,-148.10162991371,-15446999.999999953,-15447000.0,-1.09192121795835,-1.12179504636746,-0.0143
AVACAP,AVA Capital PLC,,,,,,,,
BERGER,Berger Paints Nigeria PLC,13797915000.0,1734746000.0,12.5725227326013,2698382000.000003,1734746000.0,20.071434687129,36.2286679013367,5.9855
BETAGLAS,Beta Glass Plc.,150604301000.0,30957422000.0,20.5554700592515,47578060999.99996,30957422000.0,16.7534830204192,32.6155138369987,51.5986
BUACEMENT,BUA Cement Plc,1328066310000.0,500021518000.0,37.6503427754296,634887368000.0002,500021518000.0,28.339024837948003,81.3984132003635,14.7654
BUAFOODS,BUA Foods PLC,1656779909000.0,541126341999.99994,32.6613293087682,573642762999.9993,541126341999.99994,36.021275146463,63.85583167661271,30.0626
CADBURY,Cadbury Nigeria PLC,175935228000.0,10022708000.0,5.69681701267924,14315803999.999994,10022708000.0,11.7267054897487,55.5550502261829,4.3954
CAP,Chemical & Allied Products Plc,47172594000.0,6521801000.0,13.8254025207942,9735740999.99998,6521801000.0,29.664828607155595,51.8919600613859,8.0047
CAVERTON,Caverton Offshore Support Group Plc,21272020000.0,-17867191000.0,-83.993861419837,-17964361000.00001,-17867191000.0,-18.1911782494763,,-5.3304
CHAMPION,Champion Breweries PLC,49593292000.0,1341827000.0,2.7056622899726,1471793000.0000007,1341827000.0,1.7235359466547502,4.04007774027444,0.1068
CHAMS,Chams Holding Company Plc,17404638000.0,549814000.0,3.15900853554093,881945000.0000007,549814000.0,1.9477616402895401,5.52629092597693,0.0796
CHELLARAM,Chellarams PLC,30372009000.0,1597821000.0,5.26083407916809,2008234999.999999,1597821000.0,6.95109260643036,34.2484091621543,2.2102
CILEASING,C&I Leasing PLC,72462526000.0,3422851000.0,4.72361534843541,2008231999.9999988,3422851000.0,2.46503541986276,7.26057626497238,1.1608
CMFC,DEAP Capital Management & Trust Plc,20623000.0,-109777000.0,-532.303738544344,-109777000.00000006,-109777000.0,-6.034068850618091,,-0.0731
CONHALLPLC,Consolidated Hallmark Holdings Plc,,,,,,,,
CONOIL,Conoil PLC,337970318000.0,6263926000.0,1.85339530319346,7154269999.999987,6263926000.0,4.57266639291178,14.775941105762,9.0264
CORNERST,Cornerstone Insurance PLC,70353620000.0,11600227000.0,16.4884578789265,7405622000.000004,11600227000.0,8.11529030200441,15.7398585004913,0.6437
CUSTODIAN,Custodian Investment Plc,268543359000.0,95230340000.0,35.4618115877518,87543268999.99992,95230340000.0,11.2642343905474,52.99696311177999,16.1905
CUTIX,Cutix PLC,14828534000.0,-110282000.0,-0.743714786640406,-49768000.000000045,-110282000.0,-1.36853028122365,-2.90238473901776,-0.0156
CWG,CWG Plc,73290744000.0,5844176000.0,7.97396189619797,8130347000.0,5844176000.0,11.9709183449823,63.0289672690098,2.3147
DAARCOMM,DAAR Communications PLC,6696902000.0,415409000.0,6.20300252265898,415408999.99999964,415409000.0,1.54503159993519,2.51597037251665,0.0519
DANGCEM,Dangote Cement PLC,4749038000000.0,1131063000000.0,23.816676135251,1781520000000.0007,1131063000000.0,17.0869750343892,43.2653869980409,67.5179
DANGSUGAR,Dangote Sugar Refinery PLC,790857484000.0,1715422000.0,0.216906589961536,-6080361999.999998,1715422000.0,0.175918281691929,0.965122433752587,0.2031
EKOCORP,Ekocorp PLC,,,,,,,,
ELLAHLAKES,Ellah Lakes Plc,103522949.04,,,,,,,
ENAMELWA,Nigerian Enamelware PLC,1301834000.0,-44164000.0,-3.39244481247225,-44163999.99999999,-44164000.0,-1.58053993311228,,-0.5809
ETERNA,Eterna PLC,362030320000.0,8228083000.000001,2.27276074556407,13370596000.000004,8228083000.000001,11.3301728326898,44.531816777236,4.9497
ETI,"Ecobank Transnational, Inc.",4887636880936.0205,597141796718.784,15.534719073476367,1184109725050.5671,597141796718.784,1.21988166162713,24.3236200334021,24.2778
ETRANZACT,eTranzact International Plc,32872275999.999996,2588496000.0,7.87440455902719,3697851999.999985,2588496000.0,8.03568177285078,15.3180517112424,0.2814
EUNISELL,Eunisell Interlinked Plc,1836917000.0,335153000.0,18.2454079307884,335153000.00000036,335153000.0,27.9293352061056,50.5275075832042,1.4159
FCMB,FCMB Group Plc,1293446376000.0,235725704610.0,29.43415767241952,278728686999.9999,235725704610.0,2.96557067953627,25.1861557575961,4.3643
FIDELITYBK,Fidelity Bank PLC,1607603000000.0,217568000000.0,20.703627188545862,334370000000.0008,217568000000.0,1.9954924221127597,18.7604147040855,4.0845
FIDSON,Fidson Healthcare Ltd.,130901753000.0,11004614000.0,8.40677358996102,16599416000.000006,11004614000.0,11.2028601492876,24.768335634266,4.3422
FIRSTHOLDCO,First HoldCo Plc,3695058000000.0,274305000000.0,10.344258023253227,524369999999.9994,274305000000.0,0.99646320699773,8.93780736427594,6.2619
FTGINSURE,Fortis Global Insurance Plc,2667842000.0,-3169907000.0,-118.819142962739,-3169605999.999999,-3169907000.0,-9.39630956377183,-54.9466287044236,-0.1766
FTNCOCOA,FTN Cocoa Processors Plc,7973268000.0,1521932000.0,19.0879323258669,1521932000.0000012,1521932000.0,6.9414947918105,334.623663479318,0.3902
GEREGU,Geregu Power Plc,115961006000.0,9573654000.0,8.25592527198324,19240305000.000046,9573654000.0,3.7454162716457504,21.2443833575463,3.8295
GOLDBREW,Golden Guinea Breweries Plc,,,,,,,,
GTCO,Guaranty Trust Holding Company Plc,2245248902000.0,814466864000.0,44.75494251341583,1233716293000.0002,814466864000.0,4.70093604670056,25.0441165140497,22.6678
GUINEAINS,Guinea Insurance PLC,3630777000.0,-95771999.99999991,-2.63778249118577,-71422999.99999976,-95771999.99999991,-1.06409538059809,-1.85037739993883,-0.0179
GUINNESS,Guinness Nigeria PLC,515250310027.85,36237440209.0,7.03297785634351,60104287306.99014,36237440209.0,13.7042917069846,87.7314911251355,16.5439
HBMNG,HBM Nigeria PLC,1227738302000.0,348789568000.0,28.4091135245856,529312145000.00024,348789568000.0,29.904466450183104,51.3207696508212,21.6535
HMCALL,Haldane McCall Plc,,,,,,,,
HONYFLOUR,Honeywell Flour Mills Plc,406229158000.0,20837878000.0,5.1295869805584,28345201999.999992,20837878000.0,8.49075273461455,41.2113045971897,2.6277
IKEJAHOTEL,Ikeja Hotel PLC,26964885000.0,7966076000.0,29.5424067263777,12872646000.000006,7966076000.0,9.34440772328223,19.687311826522,3.684
IMG,Industrial and Medical Gases Nigeria PLC,7946268000.0,862869000.0,10.8587956006518,1261669000.0000005,862869000.0,5.81100079682734,9.65559539979227,1.3277
INFINITY,Infinity Trust Mortgage Bank Plc,7903517421.0,3247900628.0,59.06311689669271,3412575782.999997,3247900628.0,7.44813752591386,27.593952353311803,0.4794
INTBREW,International Breweries PLC,621227296000.0,60361480000.0,9.71648869723844,98369666999.9997,60361480000.0,8.05195565878866,11.7395570618522,0.3587
INTENEGINS,International Energy Insurance Co. Plc,4976670000.0,,,,,,,
JAIZBANK,Jaiz Bank PLC,116377375000.0,31303871000.0,36.34697487226344,31978293999.999935,31303871000.0,2.40880723420396,37.9297777990331,0.702
JAPAULGOLD,Japaul Gold & Ventures PLC,5452574000.0,1488213000.0,27.2937698782263,1488212999.9999988,1488213000.0,4.09507784033282,7.40141248770307,0.1044
JBERGER,Julius Berger Nigeria Plc,841730822000.0,29747536000.0,3.53409132973391,56303542999.99999,29747536000.0,2.80849493372934,9.2104513000032,18.5922
JOHNHOLT,John Holt PLC,2711000000.0,197000000.0,7.26669125783844,212000000.0,197000000.0,2.03176567656766,3.96019700472409,0.5062
JULI,Juli Plc,,,,,,,,
LASACO,Lasaco Assurance PLC,34269458000.0,-1684298000.0,-4.91486617617355,-1656918999.999999,-1684298000.0,-3.90332737675243,-7.861735604238549,-0.13
LEARNAFRCA,Learn Africa PLC,7105599000.0,906806000.0,12.761851604629,1381394000.0000005,906806000.0,15.2938330151496,22.1976698231064,1.0448
LEGENDINT,LEGEND INTERNET PLC,,,,,,,,
LINKASSURE,Linkage Assurance PLC,38926468000.0,5340177000.0,13.718627130517,5644184000.000015,5340177000.0,7.02024898065321,11.3295539844583,0.303
LIVESTOCK,Livestock Feeds PLC,31785172000.0,-1957176000.0,-6.15751269176709,-1571324999.999999,-1957176000.0,-10.6936009716806,-78.022528025488,-0.6524
LIVINGTRUST,LivingTrust Mortgage Bank PLC,6768665559.8,249776999.56,8.204253980944896,557832999.3000003,249776999.56,0.8880351699998221,4.83702769153188,0.0499
MANSARD,AXA Mansard Insurance PLC,197593157000.0,6370020000.0,3.22380597421195,6798265999.999997,6370020000.0,2.52833690176338,11.0746875189802,0.7122
MAYBAKER,May & Baker Nigeria Plc,38260040000.0,5450795000.0,14.246704917193,8199532999.999993,5450795000.0,19.5396957790465,39.8635024098909,3.1594
MBENEFIT,Mutual Benefits Assurance PLC,94010773000.0,13247795000.0,14.0917839277845,15825810999.999966,13247795000.0,7.195676144285011,19.8535111012375,0.6604
MCNICHOLS,McNichols Plc,6316457342.0,473679777.0,7.49913680015477,633370088.9999971,473679777.0,22.2969409219299,48.4853028866669,0.2922
MECURE,Mecure Industries PLC,85276487000.0,7211627000.0,8.45675901259863,8457745000.000002,7211627000.0,8.73219587895078,37.8399908427943,1.8029
MEYER,Meyer PLC,4583644000.0,595629000.0,12.9946610164315,797553999.9999987,595629000.0,18.3924610638267,28.6760112724553,1.1967
MORISON,Morison Industries PLC,562120000.0,-3358000.0,-0.597381342062193,68000.00000000125,-3358000.0,-0.192021775429447,-0.336588964532865,0.0028
MTNN,MTN Nigeria Communications Plc,5818269000000.0,1405531000000.0,24.1572020819251,2165353000000.003,1405531000000.0,26.1624051086949,316.506146456583,67.0366
MULTITREX,Multi-Trex Integrated Foods Plc,47900000.0,,,,,,,
MULTIVERSE,Multiverse Mining & Exploration PLC,773831000.0,410591000.0,53.0595181635267,443879000.00000024,410591000.0,11.4544674936791,25.507172729464,0.9634
NAHCO,Nigerian Aviation Handling Co. Plc,68235734000.0,20001295000.0,29.3120537107434,26823072999.99998,20001295000.0,41.7582208575406,95.2837933356875,8.9793
NASCON,NASCON Allied Industries Plc,155689815000.0,37535286000.0,24.1090183066889,54665658000.00008,37535286000.0,27.3373446396165,58.733330974733796,13.8895
NB,Nigerian Breweries PLC,1532959830000.0,103637101000.0,6.76058817536008,185144116999.99988,103637101000.0,9.39992487087641,17.3400832036237,3.345
NCR,NCR (Nigeria) PLC,3419971000.0,294917000.0,8.62337721577171,294916999.9999999,294917000.0,4.64531394542409,,2.7307
NEIMETH,Neimeth International Pharmaceuticals PLC,8123500000.0,1080551000.0,13.301544900597,1494868999.9999995,1080551000.0,8.21926362981301,45.9096360011429,0.2368
NEM,NEM Insurance Plc,165491238000.0,,,,,15.362411604593,31.8635682745626,
NESTLE,Nestle Nigeria Plc,1277413504000.0,119172769000.0,9.32922414134742,205220273000.00006,119172769000.0,12.3288466705688,665.248832562038,150.3461
NGXGROUP,Nigerian Exchange Group PLC,36156855000.0,17618467000.0,48.7278747003853,18784745999.999985,17618467000.0,25.3110853286864,32.3721466394016,6.7041
NNFM,Northern Nigeria Flour Mills Plc,16553360000.0,-1082135000.0,-6.53725285984235,-994979999.9999995,-1082135000.0,-2.5968844633771,-10.2567541470338,-6.0726
NPFMCRFBK,NPF Microfinance Bank PLC,21313557000.0,3015402000.0,15.966577486378194,4583334999.999998,3015402000.0,5.2460573501692,21.9164535518165,0.5032
NREIT,Chapel Hill Denham Management Limited,,,,,,,,
NSLTECH,Secure Electronic Technology Plc,4193908999.9999995,-190158000.0,-4.53414702131115,-190158000.00000024,-190158000.0,-4.14122654419983,-5.31974698484586,-0.0338
OANDO,Oando PLC,3212960580000.0,244309893000.0,7.60388703555149,14036898999.999958,244309893000.0,,,20.7174
OKOMUOIL,Okomu Oil Palm Co. Plc,193604643000.0,55728043000.0,28.7844558562575,79258973000.00005,55728043000.0,34.1240772424909,73.1113619538267,58.4206
OMATEK,Omatek Ventures PLC,3200000.0,-51350000.0,-1604.6875,-67630000.0,-51350000.0,,,-0.0175
PREMPAINTS,Premier Paints PLC,129793000.0,-4950000.0,-3.81376499503055,-4056999.9999999963,-4950000.0,-3.08817198934425,,-0.0403
PRESCO,Presco PLC,331202419000.0,131669484999.99998,39.7549889271793,188926945000.00003,131669484999.99998,18.8854588346703,35.9016950267558,115.8664
PRESTIGE,Prestige Assurance Co. Plc,28304715000.0,1140816000.0,4.03048043409022,1302104000.0000002,1140816000.0,2.74259156964226,5.53540298604795,0.0861
PZ,PZ Cussons Nigeria PLC,260456428000.0,46821683000.0,17.9767815137202,77318309999.99991,46821683000.0,28.3742612946764,172.126801646432,9.4246
REDSTAREX,Red Star Express PLC,24670583000.0,890408000.0,3.6091891302285,1340954999.9999995,890408000.0,7.9657543630877905,17.0154184601108,0.9329
REGALINS,Regency Alliance Insurance PLC,11073746000.0,,,,,2.97751688557067,4.42673703829974,
ROYALEX,Royal Exchange PLC,844082000.0,-595924000.0,-70.6002497387695,-384924000.0000005,-595924000.0,-5.11582116654225,-7.71298397300267,-0.0761
RTBRISCOE,RT Briscoe Plc,48689415000.0,3356054000.0,6.89277946757011,3516289000.000001,3356054000.0,21.273047146995,,2.8529
SCOA,SCOA Nigeria PLC,9942201590.0,230899980.0,2.32242303588214,600549649.9999999,230899980.0,1.20744583161297,10.7475011010488,0.3554
SFSREIT,SFS Real Estate Investment Trust,457181000.0,662757000.0,144.965998149529,662756999.9999982,662757000.0,13.381277272077503,15.3877140587775,33.1378
SKYAVN,Skyway Aviation Handling Co. Plc,46403178000.0,7554389000.0,16.2798957433476,10168777999.99999,7554389000.0,10.8296300911281,14.992961272341102,5.581
SOVRENINS,Sovereign Trust Insurance PLC,36891050000.0,-2875000.00000023,-0.00779321813827535,154999000.00000003,-2875000.00000023,-0.00836427521176993,-0.014765242782834002,-0.0002
STACO,Staco Insurance PLC,,,,,,,,
STANBIC,Stanbic IBTC Holdings Plc,1235164000000.0,409183000000.0,40.38481657306975,600700000000.0002,409183000000.0,4.78584780512042,41.0400247132996,25.5839
STERLINGNG,Sterling Financial Holdings Company Limited,550408000000.0,87156000000.0,15.8347989128065,100715000000.00005,87156000000.0,1.99245912425162,18.8897943614107,1.4617
SUNUASSUR,SUNU Assurances Nigeria Plc,25546252000.0,925628000.0,3.62334169411622,992995000.0000006,925628000.0,2.98167462673903,6.596280910401761,0.1593
TANTALIZER,Tantalizers PLC,1506224640.0,143744026.0,9.5433325270791,154704929.99999937,143744026.0,1.56223616699719,4.8653642003695,0.0288
THOMASWY,Thomas Wyatt Nigeria Plc,,,,,,,,
TIP,Initiates PLC,14805279875.0,4333459852.0,29.269692221877,6806018023.000004,4333459852.0,29.2709140602488,42.0352084310831,4.3678
TOTAL,TotalEnergies Marketing Nigeria Plc,787727508000.0,-9371583000.0,-1.18969858292672,-4102712000.000004,-9371583000.0,-2.18758312090099,-16.8652588875744,-27.6023
TRANSCOHOT,Transcorp Hotels PLC,93894300000.0,23728552000.0,25.2715574853852,34281455000.000046,23728552000.0,13.522740454098,26.939945743294103,2.3167
TRANSCORP,Transnational Corporation of Nigeria PLC,505992717000.0,77201712000.0,15.2574749410869,169689791000.00012,77201712000.0,7.693665598772361,36.5668420489408,7.5971
TRANSEXPR,Trans Nationwide Express Plc,163695000.0,-95475000.0,-58.3249335654724,-94887000.00000004,-95475000.0,-14.373634711706801,-37.2858916981044,-0.1812
TRANSPOWER,Transcorp Power PLC,374425696000.0,85300693000.0,22.7817411869083,116284157999.99988,85300693000.0,14.9448003042688,51.1148275024013,11.3734
TRIPPLEG,Tripple Gee & Company Plc.,2252881000.0,144219560.0,6.40156137851933,150824559.99999994,144219560.0,2.79478259974439,,0.1457
UACN,UAC of Nigeria PLC,597914795000.0,13160209000.0,2.20101745433478,28198652000.000027,13160209000.0,3.6593641493347198,18.3201630830563,4.4975
UBA,United Bank for Africa PLC,3126596000000.0,328276000000.0,15.980909133394608,379788999999.99884,328276000000.0,1.01251527057447,8.49341692660199,8.5382
UCAP,United Capital Plc,241182155000.0,37354586000.0,15.4881218305724,49994338000.0001,37354586000.0,2.31342981418205,21.1042858160896,2.0752
UHOMREIT,UH Real Estate Investment Trust,2216856000.0,18303638000.0,825.657507749714,18303663000.0,18303638000.0,90.6977292712395,97.3491795161766,97.294
UNILEVER,Unilever Nigeria PLC,236123195000.0,33391438000.000004,14.1415323471292,56748594999.999985,33391438000.000004,19.7719856499699,33.9494273937001,5.8122
UNIONDICON,Union Dicon Salt Plc,26636000.0,-79358000.0,-297.935125394203,-79357999.99999991,-79358000.0,-1.11622524068862,,-0.2903
UNITYBNK,Unity Bank PLC,,,,,,,,
UNIVINSURE,Universal Insurance Plc,24911198000.0,-731721000.0,-2.93731758705463,-441197000.0000011,-731721000.0,-2.56940355187285,-3.87947649618729,-0.0458
UPDC,UPDC Plc,15041214000.0,-304184000.0,-2.02233676084922,2685824999.999997,-304184000.0,-1.05873111640942,-2.79491935585757,-0.0164
UPDCREIT,UPDC Real Estate Investment Trust,3679840000.0,4955342000.0,134.661887473368,4955341999.999985,4955342000.0,13.662068257433702,14.338559505363998,1.8571
UPL,University Press PLC,3979123000.0,82812000.0000001,2.08116210531819,350957000.0,82812000.0000001,1.86075105477837,2.49694334599213,0.192
VERITASKAP,Veritas Kapital Assurance Plc,27978311000.0,1214714000.0,4.34162734126445,1954422000.0000007,1214714000.0,3.11704465283722,7.278525971371221,0.1925
VFDGROUP,VFD Group PLC,81428213000.0,11333415000.0,13.9182902122634,19928717000.000034,11333415000.0,2.72584014424782,19.0042945986735,1.0802
VITAFOAM,Vitafoam Nigeria Plc,125680168000.0,17473215000.0,13.9029214219383,28403744999.999996,17473215000.0,27.317657951688503,48.6949859746901,11.4543
WAPIC,Coronation Insurance Plc,90706296000.0,10872455000.0,11.9864391772761,12117870999.999971,10872455000.0,9.63292255507982,21.1922741916805,0.4532
WEMABANK,Wema Bank PLC,659724595000.0,193204299000.0,43.639476619098566,222083632000.00006,193204299000.0,4.45914124436427,46.2828714923772,6.8453
ZENITHBANK,Zenith Bank PLC,4047996000000.0,1041477000000.0,34.547377890649415,1273472999999.9983,1041477000000.0,3.2311364708614705,21.6915265590127,25.3586
ZICHIS,Zichis Agro-Allied Industries Plc,,,,,,,,
